<?xml version="1.0" encoding="UTF-8"?>
<!DOCTYPE hibernate-configuration PUBLIC "-//Hibernate/Hibernate Configuration DTD 3.0//EN" "http://www.hibernate.org/dtd/hibernate-configuration-3.0.dtd">
<hibernate-configuration>
  <session-factory>
    <property name="connection.driver_class">com.mysql.cj.jdbc.Driver</property>
    <property name="connection.url">jdbc:mysql://localhost:3306/programacionsa?serverTimezone=UTC</property>
    <property name="connection.username">root</property>
    <property name="connection.password">abc123.</property>
    <property name="hbm2ddl.auto">create</property>
    <property name="dialect">org.hibernate.dialect.MySQL57Dialect</property>
    <property name="hibernate.dialect.storage_engine">innodb</property>
    <property name="hibernate.show_sql">true</property>
    
    <!--  mapping de las clases-->
    <mapping class="modelo.Empleado"/>
    <mapping class="modelo.Fijo"/>
    <mapping class="modelo.Temporal"/>
    <mapping class="modelo.Empresa"/>
    <mapping class="modelo.Producto"/>
    <mapping class="modelo.Venta"/>
    
  </session-factory>
</hibernate-configuration>